,Postcode,Target,Large User,Total households,Population aged 65+,Females,Females aged 65-69,Females aged 65+,Females aged 70-74,Females aged 75-79,Females aged 80-84,Females aged 85-89,Females aged 90-94,Females aged 95_99,Females aged 100+,Males,Males aged 65-69,Males aged 65+,Males aged 70-74,Males aged 75-79,Males aged 80-84,Males aged 85-89,Males aged 90-94,Males aged 95-99,Males aged 100+,Females aged under 25,Females aged 25-44,Females aged 45-65,Males aged under 25,Males aged 25-44,Males aged 45-65,Mean Income,Median Income,Mode Income,Lower Quartile,OA11CD
0,NW14HB,0,0.0,5.999999999999994,0.0,4.999999999999984,0.0,0.0,0.0,0.0,0.0,0.0,0.0,0.0,0.0,6.0,0.0,0.0,0.0,0.0,0.0,0.0,0.0,0.0,0.0,0.9999999999999984,3.0,1.0,0.9999999999999956,3.999999999999995,1.999999999999998,88200.00000000001,67500.0,110000.0,45000.0,E00023811
1,NW15AY,0,0.0,10.999999999999995,1.9999999999999944,10.999999999999995,0.9999999999999996,1.0,0.0,0.0,0.0,0.0,0.0,0.0,0.0,12.0,1.0,1.0,1.0,0.0,0.0,0.0,0.0,0.0,0.0,1.999999999999997,4.0,4.0,1.9999999999999964,3.999999999999995,4.0,69300.0,45000.0,110000.0,32500.000000000004,E00023436
2,NW14LJ,0,0.0,24.999999999999986,6.999999999999998,20.999999999999993,0.9999999999999996,3.0,0.9999999999999996,1.0,0.9999999999999996,0.0,0.0,0.0,0.0,22.0,1.0,3.0,1.0,1.0,0.9999999999999996,0.0,0.0,0.0,0.0,3.9999999999999987,5.0,6.0,3.9999999999999982,9.999999999999996,4.999999999999999,54900.0,25500.0,17500.0,14999.999999999998,E00023617
3,NW13AU,0,0.0,1.9999999999999873,0.0,0.9999999999999937,0.0,0.0,0.0,0.0,0.0,0.0,0.0,0.0,0.0,1.9999999999999998,0.0,0.0,0.0,0.0,0.0,0.0,0.0,0.0,0.0,0.0,1.0,0.0,0.0,1.9999999999999976,0.0,88200.00000000001,82692.30769,32499.999999999996,58500.0,E00023842
4,NW14LL,0,0.0,0.9999999999999937,0.0,0.0,0.0,0.0,0.0,0.0,0.0,0.0,0.0,0.0,0.0,0.9999999999999999,0.0,0.0,0.0,0.0,0.0,0.0,0.0,0.0,0.0,0.0,0.0,0.0,0.0,0.9999999999999943,0.0,88200.00000000001,82142.85714,17500.0,18461.538459999996,E00175194
